path,filename
FRONTEND/components/ComingSoon.tsx,ComingSoon.tsx
FRONTEND/components/Feedback/index.ts,index.ts
FRONTEND/components/ThemeProvider.tsx,ThemeProvider.tsx
FRONTEND/components/ads/AdInjector.tsx,AdInjector.tsx
FRONTEND/components/atoms/FollowButton.tsx,FollowButton.tsx
FRONTEND/components/atoms/LiveBadge.tsx,LiveBadge.tsx
FRONTEND/components/atoms/PrimaryButton.tsx,PrimaryButton.tsx
FRONTEND/components/atoms/SecondaryButton.tsx,SecondaryButton.tsx
FRONTEND/components/atoms/VerifiedBadge.tsx,VerifiedBadge.tsx
FRONTEND/components/atoms/index.ts,index.ts
FRONTEND/components/auth/ProtectedRoute.tsx,ProtectedRoute.tsx
FRONTEND/components/comments/SocialCommentRow.tsx,SocialCommentRow.tsx
FRONTEND/components/comments/SocialCommentsSheet.tsx,SocialCommentsSheet.tsx
FRONTEND/components/comments/socialCommentUtils.ts,socialCommentUtils.ts
FRONTEND/components/common/StorageIndicator.tsx,StorageIndicator.tsx
FRONTEND/components/icons/ShopIcon.tsx,ShopIcon.tsx
FRONTEND/components/job/JobMobileLayout.tsx,JobMobileLayout.tsx
FRONTEND/components/job/JobPageContent.tsx,JobPageContent.tsx
FRONTEND/components/job/bible/BibleToolPage.tsx,BibleToolPage.tsx
FRONTEND/components/job/bible/JobBibleReferenceSection.tsx,JobBibleReferenceSection.tsx
FRONTEND/components/job/bible/JobToolBibleShell.tsx,JobToolBibleShell.tsx
FRONTEND/components/job/bible/index.ts,index.ts
FRONTEND/components/job/bible/jobBibleDrawerNav.ts,jobBibleDrawerNav.ts
FRONTEND/components/job/bible/jobBibleUiConfig.ts,jobBibleUiConfig.ts
FRONTEND/components/job/jobBottomNavConfig.ts,jobBottomNavConfig.ts
FRONTEND/components/job/jobHtmlShellNav.ts,jobHtmlShellNav.ts
FRONTEND/components/job/jobMobileStyles.ts,jobMobileStyles.ts
FRONTEND/components/job/jobToolsRegistry.ts,jobToolsRegistry.ts
FRONTEND/components/job/know/KnowShell.tsx,KnowShell.tsx
FRONTEND/components/layout/BottomNav.tsx,BottomNav.tsx
FRONTEND/components/layout/FormCard.tsx,FormCard.tsx
FRONTEND/components/layout/MobileHeader.tsx,MobileHeader.tsx
FRONTEND/components/layout/MobileShell.tsx,MobileShell.tsx
FRONTEND/components/layout/MoxePageHeader.tsx,MoxePageHeader.tsx
FRONTEND/components/layout/Navbar.tsx,Navbar.tsx
FRONTEND/components/layout/PageContainer.tsx,PageContainer.tsx
FRONTEND/components/layout/PageLayout.tsx,PageLayout.tsx
FRONTEND/components/layout/SettingsPageShell.tsx,SettingsPageShell.tsx
FRONTEND/components/layout/SocialTopBar.tsx,SocialTopBar.tsx
FRONTEND/components/layout/SplitLayout.tsx,SplitLayout.tsx
FRONTEND/components/map/LeafletMap.tsx,LeafletMap.tsx
FRONTEND/components/profile/ProfileBadge.tsx,ProfileBadge.tsx
FRONTEND/components/recruiter/CandidatePipelinePanel.tsx,CandidatePipelinePanel.tsx
FRONTEND/components/recruiter/JobRequisitionsPanel.tsx,JobRequisitionsPanel.tsx
FRONTEND/components/track/TrackAgileApp.tsx,TrackAgileApp.tsx
FRONTEND/components/track/TrackBottomNav.tsx,TrackBottomNav.tsx
FRONTEND/components/track/TrackTopBar.tsx,TrackTopBar.tsx
FRONTEND/components/ui/Avatar.tsx,Avatar.tsx
FRONTEND/components/ui/ContentGrid.tsx,ContentGrid.tsx
FRONTEND/components/ui/EmptyState.tsx,EmptyState.tsx
FRONTEND/components/ui/ErrorState.tsx,ErrorState.tsx
FRONTEND/components/ui/FeedPost.tsx,FeedPost.tsx
FRONTEND/components/ui/FilterBar.tsx,FilterBar.tsx
FRONTEND/components/ui/LoadingState.tsx,LoadingState.tsx
FRONTEND/components/ui/ScreenBar.tsx,ScreenBar.tsx
FRONTEND/components/ui/StoryCircle.tsx,StoryCircle.tsx
FRONTEND/components/ui/Themed.tsx,Themed.tsx
